{"id": "d5tf-ez2w", "viewLastModified": 1536188463, "name": "Traffic Collision Data from 2010 to Present", "tags": ["lapd", "traffic", "traffic data", "police", "safe city", "traffic collision"], "publicationGroup": 14258040, "viewType": "tabular", "rowsUpdatedBy": "art8-rc4x", "rowClass": "", "category": "A Safe City", "flags": ["default", "restorable", "restorePossibleForType"], "attribution": "Los Angeles Police Department", "description": "This dataset reflects traffic collision incidents in the City of Los Angeles dating back to 2010. This data is transcribed from original traffic reports that are typed on paper and therefore there may be some inaccuracies within the data. Some location fields with missing data are noted as (0\u00b0, 0\u00b0). Address fields are only provided to the nearest hundred block in order to maintain privacy. This data is as accurate as the data in the database. Please note questions or concerns in the comments.\n\nMO codes description can be found here:  https://data.lacity.org/api/views/y8tr-7khq/files/3a2acdce-ef66-4cd6-b32c-ca6fa9c5336f?download=true&filename=MO_CODES_Numerical_20180627.pdf", "downloadCount": 1823, "rights": ["read"], "licenseId": "CC0_10", "grants": [{"inherited": false, "flags": ["public"], "type": "viewer"}], "approvals": [{"submitter": {"id": "95pg-i79k", "displayName": "ChelseaU"}, "submissionId": 882461, "submissionOutcome": "change_audience", "submissionDetails": {"permissionType": "READ"}, "submittedAt": 1512153385, "reviewedAutomatically": false, "reviewedAt": 1512153385, "submissionObject": "public_audience_request", "state": "approved", "workflowId": 2212, "reviewer": {"id": "95pg-i79k", "displayName": "ChelseaU"}, "submissionOutcomeApplication": {"status": "success", "failureCount": 0}}], "numberOfComments": 0, "hideFromDataJson": false, "displayType": "table", "query": {"orderBys": [{"ascending": false, "expression": {"columnId": 306091910, "type": "column"}}]}, "provenance": "official", "owner": {"id": "art8-rc4x", "profileImageUrlLarge": "/api/users/art8-rc4x/profile_images/LARGE", "screenName": "LAPD OpenData", "type": "interactive", "profileImageUrlMedium": "/api/users/art8-rc4x/profile_images/THUMB", "displayName": "LAPD OpenData", "flags": ["mayBeStoriesCoOwner"], "profileImageUrlSmall": "/api/users/art8-rc4x/profile_images/TINY"}, "rowIdentifierColumnId": 313831413, "indexUpdatedAt": 1556035287, "rowsUpdatedAt": 1562689811, "publicationAppendEnabled": false, "tableAuthor": {"id": "art8-rc4x", "profileImageUrlLarge": "/api/users/art8-rc4x/profile_images/LARGE", "screenName": "LAPD OpenData", "type": "interactive", "profileImageUrlMedium": "/api/users/art8-rc4x/profile_images/THUMB", "displayName": "LAPD OpenData", "flags": ["mayBeStoriesCoOwner"], "profileImageUrlSmall": "/api/users/art8-rc4x/profile_images/TINY"}, "tableId": 14258040, "newBackend": true, "averageRating": 0, "oid": 26151681, "viewCount": 7271, "publicationDate": 1504035043, "columns": [{"description": "Division of Records Number: Official file number made up of a 2 digit year, area ID, and 5 digits.", "id": 313831413, "position": 1, "name": "DR Number", "dataTypeName": "text", "cachedContents": {"largest": "192112389", "cardinality": "479425", "not_null": "479425", "non_null": 463214, "top": [{"count": "1", "item": "100100767"}, {"count": "1", "item": "100100831"}, {"count": "1", "item": "100101004"}, {"count": "1", "item": "100101322"}, {"count": "1", "item": "100101705"}, {"count": "1", "item": "100101707"}, {"count": "1", "item": "100104017"}, {"count": "1", "item": "100104019"}, {"count": "1", "item": "100104025"}, {"count": "1", "item": "100104026"}, {"count": "1", "item": "100104049"}, {"count": "1", "item": "100104051"}, {"count": "1", "item": "100104092"}, {"count": "1", "item": "100104094"}, {"count": "1", "item": "100104103"}, {"count": "1", "item": "100104126"}, {"count": "1", "item": "100104157"}, {"count": "1", "item": "100104177"}, {"count": "1", "item": "100104222"}, {"count": "1", "item": "100104227"}], "null": "0", "smallest": "100100007"}, "format": {"precisionStyle": "standard", "noCommas": "true", "align": "right"}, "width": 151, "tableColumnId": 48763176, "renderTypeName": "text", "fieldName": "dr_no"}, {"description": "MM/DD/YYYY", "id": 313851818, "position": 2, "name": "Date Reported", "dataTypeName": "calendar_date", "cachedContents": {"largest": "2019-07-06T00:00:00.000", "cardinality": "3474", "not_null": "479425", "non_null": 463214, "top": [{"count": "235", "item": "2018-04-12T00:00:00.000"}, {"count": "212", "item": "2017-11-17T00:00:00.000"}, {"count": "209", "item": "2018-10-01T00:00:00.000"}, {"count": "209", "item": "2017-12-15T00:00:00.000"}, {"count": "206", "item": "2017-09-08T00:00:00.000"}, {"count": "206", "item": "2016-10-20T00:00:00.000"}, {"count": "205", "item": "2017-03-17T00:00:00.000"}, {"count": "205", "item": "2017-07-03T00:00:00.000"}, {"count": "205", "item": "2017-09-29T00:00:00.000"}, {"count": "205", "item": "2014-12-08T00:00:00.000"}, {"count": "204", "item": "2016-04-18T00:00:00.000"}, {"count": "203", "item": "2016-08-19T00:00:00.000"}, {"count": "203", "item": "2017-11-08T00:00:00.000"}, {"count": "202", "item": "2016-09-26T00:00:00.000"}, {"count": "202", "item": "2018-06-08T00:00:00.000"}, {"count": "202", "item": "2018-11-30T00:00:00.000"}, {"count": "200", "item": "2016-08-05T00:00:00.000"}, {"count": "199", "item": "2019-04-18T00:00:00.000"}, {"count": "198", "item": "2018-01-08T00:00:00.000"}, {"count": "197", "item": "2018-11-01T00:00:00.000"}], "null": "0", "smallest": "2010-01-01T00:00:00.000"}, "format": {"view": "date", "align": "right"}, "width": 169, "tableColumnId": 48763177, "renderTypeName": "calendar_date", "fieldName": "date_rptd"}, {"description": "MM/DD/YYYY", "id": 306091910, "position": 3, "name": "Date Occurred", "dataTypeName": "calendar_date", "cachedContents": {"largest": "2019-07-06T00:00:00.000", "cardinality": "3474", "not_null": "479425", "non_null": 463214, "top": [{"count": "230", "item": "2017-11-17T00:00:00.000"}, {"count": "223", "item": "2016-12-15T00:00:00.000"}, {"count": "219", "item": "2017-12-01T00:00:00.000"}, {"count": "219", "item": "2010-12-17T00:00:00.000"}, {"count": "218", "item": "2016-02-17T00:00:00.000"}, {"count": "217", "item": "2018-02-16T00:00:00.000"}, {"count": "216", "item": "2018-10-12T00:00:00.000"}, {"count": "213", "item": "2015-10-09T00:00:00.000"}, {"count": "212", "item": "2018-01-08T00:00:00.000"}, {"count": "208", "item": "2015-11-20T00:00:00.000"}, {"count": "207", "item": "2018-12-07T00:00:00.000"}, {"count": "205", "item": "2018-03-02T00:00:00.000"}, {"count": "204", "item": "2017-09-29T00:00:00.000"}, {"count": "204", "item": "2018-01-09T00:00:00.000"}, {"count": "202", "item": "2018-11-30T00:00:00.000"}, {"count": "202", "item": "2010-02-05T00:00:00.000"}, {"count": "202", "item": "2017-11-04T00:00:00.000"}, {"count": "201", "item": "2017-08-25T00:00:00.000"}, {"count": "201", "item": "2017-06-16T00:00:00.000"}, {"count": "201", "item": "2017-10-27T00:00:00.000"}], "null": "0", "smallest": "2010-01-01T00:00:00.000"}, "format": {"view": "date", "align": "right"}, "width": 169, "tableColumnId": 48763178, "renderTypeName": "calendar_date", "fieldName": "date_occ"}, {"description": "In 24 hour military time.", "id": 313846228, "position": 4, "name": "Time Occurred", "dataTypeName": "text", "cachedContents": {"largest": "2359", "cardinality": "1439", "not_null": "479425", "non_null": 463214, "top": [{"count": "6660", "item": "1800"}, {"count": "6320", "item": "1700"}, {"count": "6178", "item": "1600"}, {"count": "6144", "item": "1500"}, {"count": "5681", "item": "1900"}, {"count": "5607", "item": "1400"}, {"count": "5361", "item": "1200"}, {"count": "5327", "item": "1300"}, {"count": "5296", "item": "1730"}, {"count": "5011", "item": "1830"}, {"count": "4935", "item": "0800"}, {"count": "4887", "item": "1530"}, {"count": "4803", "item": "1630"}, {"count": "4711", "item": "2000"}, {"count": "4458", "item": "1000"}, {"count": "4452", "item": "1430"}, {"count": "4342", "item": "2100"}, {"count": "4318", "item": "1100"}, {"count": "4260", "item": "1330"}, {"count": "4191", "item": "0900"}], "null": "0", "smallest": "0001"}, "format": {"precisionStyle": "standard", "noCommas": "true", "align": "right"}, "width": 167, "tableColumnId": 48763179, "renderTypeName": "text", "fieldName": "time_occ"}, {"description": "The LAPD has 21 Community Police Stations referred to as Geographic Areas within the department. These Geographic Areas are sequentially numbered from 1-21.", "id": 313844721, "position": 5, "name": "Area ID", "dataTypeName": "text", "cachedContents": {"largest": "21", "cardinality": "21", "not_null": "479425", "non_null": 463214, "top": [{"count": "30175", "item": "12"}, {"count": "28114", "item": "03"}, {"count": "27546", "item": "07"}, {"count": "26094", "item": "08"}, {"count": "25586", "item": "15"}, {"count": "25522", "item": "20"}, {"count": "25329", "item": "14"}, {"count": "24259", "item": "09"}, {"count": "23739", "item": "13"}, {"count": "23662", "item": "17"}, {"count": "23498", "item": "06"}, {"count": "23293", "item": "10"}, {"count": "22010", "item": "11"}, {"count": "20991", "item": "19"}, {"count": "20883", "item": "21"}, {"count": "19443", "item": "01"}, {"count": "19265", "item": "18"}, {"count": "18051", "item": "02"}, {"count": "17881", "item": "05"}, {"count": "17458", "item": "04"}], "null": "0", "smallest": "01"}, "format": {"displayStyle": "plain", "align": "right"}, "width": 123, "tableColumnId": 48763180, "renderTypeName": "text", "fieldName": "area"}, {"description": "The 21 Geographic Areas or Patrol Divisions are also given a name designation that references a landmark or the surrounding community that it is responsible for. For example 77th Street Division is located at the intersection of South Broadway and 77th Street, serving neighborhoods in South Los Angeles.", "id": 306091913, "position": 6, "name": "Area Name", "dataTypeName": "text", "cachedContents": {"largest": "Wilshire", "cardinality": "21", "not_null": "479425", "non_null": 463214, "top": [{"count": "30175", "item": "77th Street"}, {"count": "28114", "item": "Southwest"}, {"count": "27546", "item": "Wilshire"}, {"count": "26094", "item": "West LA"}, {"count": "25586", "item": "N Hollywood"}, {"count": "25522", "item": "Olympic"}, {"count": "25329", "item": "Pacific"}, {"count": "24259", "item": "Van Nuys"}, {"count": "23739", "item": "Newton"}, {"count": "23662", "item": "Devonshire"}, {"count": "23498", "item": "Hollywood"}, {"count": "23293", "item": "West Valley"}, {"count": "22010", "item": "Northeast"}, {"count": "20991", "item": "Mission"}, {"count": "20883", "item": "Topanga"}, {"count": "19443", "item": "Central"}, {"count": "19265", "item": "Southeast"}, {"count": "18051", "item": "Rampart"}, {"count": "17881", "item": "Harbor"}, {"count": "17458", "item": "Hollenbeck"}], "null": "0", "smallest": "77th Street"}, "format": {"displayStyle": "plain", "align": "right"}, "width": 153, "tableColumnId": 48763181, "renderTypeName": "text", "fieldName": "area_name"}, {"description": "A code used in producing reports to group data into geographic sub-areas within an area. Find LAPD Reporting Districts on the LA City GeoHub at http://geohub.lacity.org/datasets/c4f83909b81d4786aa8ba8a74a4b4db1_4\n", "id": 313843950, "position": 7, "name": "Reporting District", "dataTypeName": "text", "cachedContents": {"largest": "2199", "cardinality": "1328", "not_null": "479425", "non_null": 463214, "top": [{"count": "2277", "item": "0645"}, {"count": "1940", "item": "0646"}, {"count": "1934", "item": "1309"}, {"count": "1925", "item": "1494"}, {"count": "1896", "item": "0111"}, {"count": "1802", "item": "0666"}, {"count": "1436", "item": "1764"}, {"count": "1363", "item": "1822"}, {"count": "1327", "item": "1063"}, {"count": "1294", "item": "0914"}, {"count": "1281", "item": "0636"}, {"count": "1260", "item": "0765"}, {"count": "1255", "item": "0923"}, {"count": "1254", "item": "0363"}, {"count": "1252", "item": "1265"}, {"count": "1240", "item": "1802"}, {"count": "1237", "item": "0941"}, {"count": "1227", "item": "2029"}, {"count": "1192", "item": "1245"}, {"count": "1179", "item": "0782"}], "null": "0", "smallest": "0100"}, "format": {"precisionStyle": "standard", "noCommas": "true", "align": "right"}, "width": 185, "tableColumnId": 48763182, "renderTypeName": "text", "fieldName": "rpt_dist_no"}, {"description": "Indicates the crime committed. For this dataset - all Crime Code 997.", "id": 313842930, "position": 8, "name": "Crime Code", "dataTypeName": "text", "cachedContents": {"largest": "997", "cardinality": "1", "not_null": "479425", "non_null": 463214, "top": [{"count": "479425", "item": "997"}], "null": "0", "smallest": "997"}, "format": {"precisionStyle": "standard", "noCommas": "false", "align": "right"}, "width": 152, "tableColumnId": 48763183, "renderTypeName": "text", "fieldName": "crm_cd"}, {"description": "Defines the Crime Code provided. For this dataset - all Traffic Collision.", "id": 306091916, "position": 9, "name": "Crime Code Description", "dataTypeName": "text", "cachedContents": {"largest": "TRAFFIC COLLISION", "cardinality": "1", "not_null": "479425", "non_null": 463214, "top": [{"count": "479425", "item": "TRAFFIC COLLISION"}], "null": "0", "smallest": "TRAFFIC COLLISION"}, "format": {"displayStyle": "plain", "align": "right"}, "width": 220, "tableColumnId": 48763184, "renderTypeName": "text", "fieldName": "crm_cd_desc"}, {"description": "Modus Operandi: Activities associated with the suspect in commission of the crime. See attached PDF for list of MO Codes in numerical order. \n\nhttps://data.lacity.org/api/views/y8tr-7khq/files/3a967fbd-f210-4857-bc52-60230efe256c?download=true&filename=MO%20CODES%20(numerical%20order).pdf", "id": 306091917, "position": 10, "name": "MO Codes", "dataTypeName": "text", "cachedContents": {"largest": "9999 3101 3401 3701 3011 3034 3801", "cardinality": "72416", "not_null": "394276", "non_null": 379344, "top": [{"count": "14247", "item": "0605"}, {"count": "8084", "item": "3101 3401 3701 3006 3030"}, {"count": "7409", "item": "3101 3401 3701 3004 3030"}, {"count": "5376", "item": "3006 3028 3030 3035 3037 3101 3401 3701 4027"}, {"count": "4979", "item": "1501"}, {"count": "4878", "item": "3004 3037 3026 3101 3401 3701 4026"}, {"count": "4171", "item": "3004 3028 3030 3035 3037 3101 3401 3701 4027"}, {"count": "3870", "item": "3004 3036 3026 3101 3401 3701 4026"}, {"count": "3470", "item": "3004 3026 3035 3037 3101 3401 3701 4027"}, {"count": "3360", "item": "3101 3401 3701 3004 3026"}, {"count": "3144", "item": "3004 3037 3030 3028 3101 3401 3701 4026"}, {"count": "3017", "item": "3004 3026 3035 3036 3101 3401 3701 4027"}, {"count": "2576", "item": "3101 3401 3701 3004 3026 3036"}, {"count": "2300", "item": "3004 3036 3025 3101 3401 3701 4026"}, {"count": "2150", "item": "3101 3401 3701 3004 3030 3036"}, {"count": "2065", "item": "3006 3037 3030 3028 3101 3401 3701 4026"}, {"count": "1948", "item": "0605 1300"}, {"count": "1786", "item": "3004 3026 3101"}, {"count": "1667", "item": "3004 3037 3025 3101 3401 3701 4026"}, {"count": "1610", "item": "3101 3401 3701 3006 3030 3032"}], "null": "85149", "smallest": "0100"}, "format": {"displayStyle": "plain", "align": "right"}, "width": 172, "tableColumnId": 48763185, "renderTypeName": "text", "fieldName": "mocodes"}, {"description": "Two character numeric.", "id": 313841222, "position": 11, "name": "Victim Age", "dataTypeName": "text", "cachedContents": {"largest": "99", "cardinality": "90", "not_null": "401937", "non_null": 387024, "top": [{"count": "13982", "item": "30"}, {"count": "13074", "item": "25"}, {"count": "11525", "item": "24"}, {"count": "11443", "item": "27"}, {"count": "11354", "item": "28"}, {"count": "11270", "item": "26"}, {"count": "11229", "item": "40"}, {"count": "11205", "item": "35"}, {"count": "11160", "item": "23"}, {"count": "10734", "item": "50"}, {"count": "10687", "item": "29"}, {"count": "10635", "item": "22"}, {"count": "10047", "item": "31"}, {"count": "9759", "item": "32"}, {"count": "9406", "item": "21"}, {"count": "9207", "item": "33"}, {"count": "9036", "item": "45"}, {"count": "8931", "item": "34"}, {"count": "8681", "item": "20"}, {"count": "8472", "item": "36"}], "null": "77488", "smallest": "10"}, "format": {"precisionStyle": "standard", "noCommas": "false", "align": "right"}, "width": 146, "tableColumnId": 48763186, "renderTypeName": "text", "fieldName": "vict_age"}, {"description": "F - Female M - Male X - Unknown", "id": 306091919, "position": 12, "name": "Victim Sex", "dataTypeName": "text", "cachedContents": {"largest": "X", "cardinality": "5", "not_null": "472440", "non_null": 456671, "top": [{"count": "279738", "item": "M"}, {"count": "181629", "item": "F"}, {"count": "10924", "item": "X"}, {"count": "138", "item": "H"}, {"count": "11", "item": "N"}], "null": "6985", "smallest": "F"}, "format": {"displayStyle": "plain", "align": "right"}, "width": 141, "tableColumnId": 48763187, "renderTypeName": "text", "fieldName": "vict_sex"}, {"description": "Descent Code: A - Other Asian B - Black C - Chinese D - Cambodian F - Filipino G - Guamanian H - Hispanic/Latin/Mexican I - American Indian/Alaskan Native J - Japanese K - Korean L - Laotian O - Other P - Pacific Islander S - Samoan U - Hawaiian V - Vietnamese W - White X - Unknown Z - Asian Indian", "id": 306091920, "position": 13, "name": "Victim Descent", "dataTypeName": "text", "cachedContents": {"largest": "Z", "cardinality": "20", "not_null": "471720", "non_null": 456038, "top": [{"count": "176530", "item": "H"}, {"count": "114356", "item": "W"}, {"count": "71325", "item": "O"}, {"count": "62532", "item": "B"}, {"count": "21671", "item": "X"}, {"count": "18000", "item": "A"}, {"count": "3857", "item": "K"}, {"count": "1408", "item": "F"}, {"count": "696", "item": "C"}, {"count": "349", "item": "U"}, {"count": "271", "item": "J"}, {"count": "185", "item": "V"}, {"count": "181", "item": "P"}, {"count": "143", "item": "I"}, {"count": "125", "item": "Z"}, {"count": "39", "item": "G"}, {"count": "31", "item": "S"}, {"count": "15", "item": "D"}, {"count": "4", "item": "L"}, {"count": "2", "item": "-"}], "null": "7705", "smallest": "-"}, "format": {"displayStyle": "plain", "align": "right"}, "width": 171, "tableColumnId": 48763188, "renderTypeName": "text", "fieldName": "vict_descent"}, {"description": "The type of structure or location where the incident took place. ", "id": 313837385, "position": 14, "name": "Premise Code", "dataTypeName": "text", "cachedContents": {"largest": "937", "cardinality": "110", "not_null": "479400", "non_null": 463189, "top": [{"count": "457301", "item": "101"}, {"count": "15513", "item": "108"}, {"count": "2391", "item": "102"}, {"count": "831", "item": "103"}, {"count": "809", "item": "104"}, {"count": "447", "item": "110"}, {"count": "316", "item": "501"}, {"count": "303", "item": "301"}, {"count": "158", "item": "212"}, {"count": "135", "item": "707"}, {"count": "129", "item": "710"}, {"count": "102", "item": "116"}, {"count": "94", "item": "107"}, {"count": "90", "item": "109"}, {"count": "79", "item": "502"}, {"count": "72", "item": "123"}, {"count": "70", "item": "105"}, {"count": "67", "item": "726"}, {"count": "63", "item": "203"}, {"count": "39", "item": "210"}], "null": "25", "smallest": "101"}, "format": {"precisionStyle": "standard", "noCommas": "false", "align": "right"}, "width": 165, "tableColumnId": 48763189, "renderTypeName": "text", "fieldName": "premis_cd"}, {"description": "Defines the Premise Code provided.", "id": 306091922, "position": 15, "name": "Premise Description", "dataTypeName": "text", "cachedContents": {"largest": "YARD (RESIDENTIAL/BUSINESS)", "cardinality": "110", "not_null": "479400", "non_null": 463189, "top": [{"count": "457301", "item": "STREET"}, {"count": "15513", "item": "PARKING LOT"}, {"count": "2391", "item": "SIDEWALK"}, {"count": "831", "item": "ALLEY"}, {"count": "809", "item": "DRIVEWAY"}, {"count": "447", "item": "FREEWAY"}, {"count": "316", "item": "SINGLE FAMILY DWELLING"}, {"count": "303", "item": "GAS STATION"}, {"count": "158", "item": "TRANSPORTATION FACILITY (AIRPORT)"}, {"count": "135", "item": "GARAGE/CARPORT"}, {"count": "129", "item": "OTHER PREMISE"}, {"count": "102", "item": "OTHER/OUTSIDE"}, {"count": "94", "item": "VACANT LOT"}, {"count": "90", "item": "PARK/PLAYGROUND"}, {"count": "79", "item": "MULTI-UNIT DWELLING (APARTMENT, DUPLEX, ETC)"}, {"count": "72", "item": "PARKING UNDERGROUND/BUILDING"}, {"count": "70", "item": "PEDESTRIAN OVERCROSSING"}, {"count": "67", "item": "POLICE FACILITY"}, {"count": "63", "item": "OTHER BUSINESS"}, {"count": "39", "item": "RESTAURANT/FAST FOOD"}], "null": "25", "smallest": "AIRCRAFT"}, "format": {"displayStyle": "plain", "align": "right"}, "width": 203, "tableColumnId": 48763190, "renderTypeName": "text", "fieldName": "premis_desc"}, {"description": "Street address of crime incident rounded to the nearest hundred block to maintain anonymity. ", "id": 306091923, "position": 16, "name": "Address", "dataTypeName": "text", "cachedContents": {"largest": "ZUNIGA                       LN", "cardinality": "25342", "not_null": "479425", "non_null": 463214, "top": [{"count": "6300", "item": "WESTERN                      AV"}, {"count": "5835", "item": "VENTURA                      BL"}, {"count": "5715", "item": "SHERMAN                      WY"}, {"count": "5409", "item": "SEPULVEDA                    BL"}, {"count": "5287", "item": "VERMONT                      AV"}, {"count": "5051", "item": "SUNSET                       BL"}, {"count": "5047", "item": "VICTORY                      BL"}, {"count": "4643", "item": "FIGUEROA                     ST"}, {"count": "4353", "item": "ROSCOE                       BL"}, {"count": "4217", "item": "OLYMPIC                      BL"}, {"count": "4087", "item": "VAN NUYS                     BL"}, {"count": "4057", "item": "VANOWEN                      ST"}, {"count": "3712", "item": "PICO                         BL"}, {"count": "3463", "item": "WILSHIRE                     BL"}, {"count": "3288", "item": "VENICE                       BL"}, {"count": "3280", "item": "LAUREL CANYON                BL"}, {"count": "3197", "item": "NORMANDIE                    AV"}, {"count": "3078", "item": "BROADWAY"}, {"count": "3001", "item": "3RD                          ST"}, {"count": "2861", "item": "LA BREA                      AV"}], "null": "0", "smallest": "00"}, "format": {"displayStyle": "plain", "align": "right"}, "width": 144, "tableColumnId": 48763191, "renderTypeName": "text", "fieldName": "location"}, {"description": "Cross Street of rounded Address.", "id": 306091924, "position": 17, "name": "Cross Street", "dataTypeName": "text", "cachedContents": {"largest": "ZORANA                       PL", "cardinality": "19270", "not_null": "458069", "non_null": 442721, "top": [{"count": "3583", "item": "VERMONT                      AV"}, {"count": "3378", "item": "FIGUEROA                     ST"}, {"count": "3366", "item": "WESTERN                      AV"}, {"count": "2835", "item": "SHERMAN                      WY"}, {"count": "2728", "item": "SEPULVEDA                    BL"}, {"count": "2710", "item": "VICTORY                      BL"}, {"count": "2643", "item": "BROADWAY"}, {"count": "2585", "item": "3RD                          ST"}, {"count": "2565", "item": "PICO                         BL"}, {"count": "2500", "item": "OLYMPIC                      BL"}, {"count": "2486", "item": "VANOWEN                      ST"}, {"count": "2424", "item": "MAIN                         ST"}, {"count": "2282", "item": "ROSCOE                       BL"}, {"count": "2282", "item": "NORMANDIE                    AV"}, {"count": "2270", "item": "VAN NUYS                     BL"}, {"count": "2230", "item": "6TH                          ST"}, {"count": "2203", "item": "WASHINGTON                   BL"}, {"count": "2198", "item": "VENICE                       BL"}, {"count": "2022", "item": "HOOVER                       ST"}, {"count": "2010", "item": "SUNSET                       BL"}], "null": "21356", "smallest": "10"}, "format": {"displayStyle": "plain", "align": "right"}, "width": 169, "tableColumnId": 48763192, "renderTypeName": "text", "fieldName": "cross_street"}, {"description": "The location where the crime incident occurred. Actual address is omitted for confidentiality. XY coordinates reflect the nearest 100 block.", "id": 306091925, "position": 18, "name": "Location", "dataTypeName": "location", "format": {"view": "coords", "align": "right"}, "width": 181, "tableColumnId": 48763193, "renderTypeName": "location", "fieldName": "location_1"}, {"id": 343794806, "position": 23, "name": "Zip Codes", "dataTypeName": "number", "format": {}, "computationStrategy": {"source_columns": ["location_1"], "type": "georegion_match_on_point", "parameters": {"primary_key": "_feature_id", "region": "_qz3q-ghft"}}, "tableColumnId": 60907761, "renderTypeName": "number", "fieldName": ":@computed_region_qz3q_ghft"}, {"id": 343794807, "position": 24, "name": "Census Tracts", "dataTypeName": "number", "format": {}, "computationStrategy": {"source_columns": ["location_1"], "type": "georegion_match_on_point", "parameters": {"primary_key": "_feature_id", "region": "_k96s-3jcv"}}, "tableColumnId": 60907762, "renderTypeName": "number", "fieldName": ":@computed_region_k96s_3jcv"}, {"id": 343794808, "position": 25, "name": "Precinct Boundaries", "dataTypeName": "number", "format": {}, "computationStrategy": {"source_columns": ["location_1"], "type": "georegion_match_on_point", "parameters": {"primary_key": "_feature_id", "region": "_tatf-ua23"}}, "tableColumnId": 60907763, "renderTypeName": "number", "fieldName": ":@computed_region_tatf_ua23"}, {"id": 343794809, "position": 26, "name": "LA Specific Plans", "dataTypeName": "number", "format": {}, "computationStrategy": {"source_columns": ["location_1"], "type": "georegion_match_on_point", "parameters": {"primary_key": "_feature_id", "region": "_ur2y-g4cx"}}, "tableColumnId": 60907764, "renderTypeName": "number", "fieldName": ":@computed_region_ur2y_g4cx"}, {"id": 343794810, "position": 27, "name": "Council Districts", "dataTypeName": "number", "format": {}, "computationStrategy": {"source_columns": ["location_1"], "type": "georegion_match_on_point", "parameters": {"primary_key": "_feature_id", "region": "_kqwf-mjcx"}}, "tableColumnId": 60907765, "renderTypeName": "number", "fieldName": ":@computed_region_kqwf_mjcx"}, {"id": 343794811, "position": 28, "name": "Neighborhood Councils (Certified)", "dataTypeName": "number", "format": {}, "computationStrategy": {"source_columns": ["location_1"], "type": "georegion_match_on_point", "parameters": {"primary_key": "_feature_id", "region": "_2dna-qi2s"}}, "tableColumnId": 60907766, "renderTypeName": "number", "fieldName": ":@computed_region_2dna_qi2s"}], "totalTimesRated": 0, "hideFromCatalog": false, "metadata": {"rowLabel": "traffic collision incident", "rdfSubject": "dr_no", "jsonQuery": {"order": [{"ascending": false, "columnFieldName": "date_occ"}]}, "availableDisplayTypes": ["table", "fatrow", "page"], "custom_fields": {"Committed Update Frequency": {"Refresh rate": "Weekly"}, "Location Specified": {"Does this data have a Location column? (Yes or No)": "Yes"}, "Data Owner": {"Department": "LAPD"}}, "rdfClass": "", "rowIdentifier": 313831413, "renderTypeConfig": {"visible": {"table": true}}}, "license": {"termsLink": "http://creativecommons.org/publicdomain/zero/1.0/legalcode", "logoUrl": "images/licenses/ccZero.png", "name": "Creative Commons 1.0 Universal (Public Domain Dedication)"}, "createdAt": 1496929367, "publicationStage": "published"}